Original prediction,Ground truth,y,Sparsity thresholds,Fidelity to prediction,Fidelity to prediction (logit),Deviation to ground truth,GEF,Accuracy,Remove technique,Explainer
0.8549776566753061,1.0,0.7459054511021729,0.0,-0.2347821754277052,-2.1944476102464763,-0.25409454889782707,0.864321608040201,2.7891209293337924e-07,Zero,Shapley4TGNNEvent
0.8549776566753061,1.0,0.7459054511021729,0.0009110511944006583,-0.2347821754277052,-2.1944476102464763,-0.25409454889782707,0.864321608040201,2.7891209293337924e-07,Zero,Shapley4TGNNEvent
0.8549776566753061,1.0,0.7459054511021729,0.001211981771940096,-0.2347821754277052,-2.1944476102464763,-0.25409454889782707,0.864321608040201,2.7891209293337924e-07,Zero,Shapley4TGNNEvent
0.8549776566753061,1.0,0.5899571313260938,0.0016121527485263298,-0.3548922990284972,-3.5172948223262575,-0.41004286867390616,0.6984924623115578,1.557359933025085e-59,Zero,Shapley4TGNNEvent
0.8549776566753061,1.0,0.3966162945812238,0.002144168144972869,-0.4917043252805969,-5.013334605412267,-0.6033837054187762,0.5025125628140703,3.953085183102098e-121,Zero,Shapley4TGNNEvent
0.8549776566753061,1.0,0.31706650521044577,0.0028512488760193415,-0.560512535386349,-5.285370118204673,-0.6829334947895542,0.3969849246231156,2.149679615214357e-143,Zero,Shapley4TGNNEvent
0.8549776566753061,1.0,0.3059183296515671,0.003790617322036616,-0.577119210201442,-5.082919595079805,-0.6940816703484329,0.35678391959798994,2.0216265300179245e-124,Zero,Shapley4TGNNEvent
0.8549776566753061,1.0,0.34022708625757975,0.00503790517131708,-0.5341384077828434,-4.644054538790305,-0.6597729137424202,0.3969849246231156,8.541332595934367e-102,Zero,Shapley4TGNNEvent
0.8549776566753061,1.0,0.3286513442011729,0.006692850924284842,-0.544808807104227,-4.9472903859375705,-0.6713486557988272,0.3969849246231156,5.7513287464813174e-102,Zero,Shapley4TGNNEvent
0.8549776566753061,1.0,0.3658061345864766,0.008886588719087927,-0.5133896404549704,-4.676530987773109,-0.6341938654135234,0.4271356783919598,6.541567537051391e-89,Zero,Shapley4TGNNEvent
0.8549776566753061,1.0,0.39436047392972334,0.011790839864200927,-0.48432026913941806,-4.2899951262390195,-0.6056395260702766,0.44221105527638194,1.3675649242140638e-78,Zero,Shapley4TGNNEvent
0.8549776566753061,1.0,0.42593438208941375,0.015629270047407048,-0.4522847220226748,-4.016521739750052,-0.5740656179105863,0.4723618090452261,2.2421308798359744e-65,Zero,Shapley4TGNNEvent
0.8549776566753061,1.0,0.4455205095193878,0.020691112270087846,-0.42617296513600567,-4.005025450458478,-0.5544794904806122,0.507537688442211,1.188564536834975e-69,Zero,Shapley4TGNNEvent
0.8549776566753061,1.0,0.4725580575972317,0.027346786796182854,-0.4005248510845043,-3.5473508190869087,-0.5274419424027683,0.507537688442211,3.3196345935623115e-49,Zero,Shapley4TGNNEvent
0.8549776566753061,1.0,0.4828826490694845,0.036064538099166314,-0.38672959772710824,-3.4973818264414915,-0.5171173509305155,0.5477386934673367,4.2479948768247537e-41,Zero,Shapley4TGNNEvent
0.8549776566753061,1.0,0.5337166701108288,0.04742587317756673,-0.33789429559030726,-3.091407262799728,-0.46628332988917126,0.6130653266331658,3.014866025085943e-28,Zero,Shapley4TGNNEvent
0.8549776566753061,1.0,0.5691413571104529,0.06213563308642967,-0.3053406748602438,-2.81577832555052,-0.4308586428895471,0.6331658291457286,1.3395329470301648e-24,Zero,Shapley4TGNNEvent
0.8549776566753061,1.0,0.5927096719657019,0.08101976866530786,-0.2798954934705442,-2.5988136089626868,-0.40729032803429804,0.6884422110552764,3.266998097002539e-25,Zero,Shapley4TGNNEvent
0.8549776566753061,1.0,0.6258325709010142,0.10500058502026488,-0.24548971900089303,-2.3398320824656653,-0.3741674290989858,0.7185929648241206,5.909504446013182e-22,Zero,Shapley4TGNNEvent
0.8549776566753061,1.0,0.6957134818991684,0.13503642292280227,-0.17937894197339987,-1.6851491034030914,-0.3042865181008316,0.8090452261306532,2.33626190001903e-14,Zero,Shapley4TGNNEvent
0.8549776566753061,1.0,0.7317709864278665,0.17201283293576125,-0.14225959674871747,-1.3911032634763862,-0.26822901357213347,0.8442211055276382,8.934364599307743e-10,Zero,Shapley4TGNNEvent
0.8549776566753061,1.0,0.7643783814858777,0.21657909576817586,-0.10746725556913332,-1.022112634164005,-0.2356216185141224,0.8944723618090452,3.093951077103972e-06,Zero,Shapley4TGNNEvent
0.8549776566753061,1.0,0.7838484150423065,0.2689414213699951,-0.09155911901947017,-0.7675232177403704,-0.21615158495769354,0.914572864321608,0.0006062538177516557,Zero,Shapley4TGNNEvent
0.8549776566753061,1.0,0.80031634751829,0.32865254651726966,-0.06940273964197267,-0.5735124661095777,-0.19968365248171005,0.9195979899497487,0.006729537030604401,Zero,Shapley4TGNNEvent
0.8549776566753061,1.0,0.8174560642263023,0.39446751277941416,-0.05437107768433927,-0.39726014053402237,-0.18254393577369762,0.949748743718593,0.040263924623696504,Zero,Shapley4TGNNEvent
0.8549776566753061,1.0,0.8298717009455864,0.46434632916602847,-0.042440155174714236,-0.3011218074278616,-0.1701282990544136,0.964824120603015,0.12908128366975277,Zero,Shapley4TGNNEvent
0.8549776566753061,1.0,0.8337121725119837,0.5356536708339715,-0.03899917661694426,-0.2227217003927758,-0.16628782748801624,0.964824120603015,0.18844849709251743,Zero,Shapley4TGNNEvent
0.8549776566753061,1.0,0.8376289070466879,0.6055324872205855,-0.03303607790052292,-0.1686831215518204,-0.16237109295331204,0.9698492462311558,0.281094443437568,Zero,Shapley4TGNNEvent
0.8549776566753061,1.0,0.8439640735800205,0.6713474534827295,-0.02601499954500615,-0.10869649247308473,-0.15603592641997951,0.9698492462311558,0.43824048353020995,Zero,Shapley4TGNNEvent
0.8549776566753061,1.0,0.8482357463963217,0.7310585786300048,-0.01911189483394425,-0.09294694868014686,-0.15176425360367826,0.9748743718592965,0.6935061514915509,Zero,Shapley4TGNNEvent
0.8549776566753061,1.0,0.8491962765338807,0.7834209042318238,-0.015712718123654323,-0.07712777647840317,-0.15080372346611928,0.9849246231155779,0.7911499430172451,Zero,Shapley4TGNNEvent
0.8549776566753061,1.0,0.8505216938251602,0.8279871670642384,-0.013110421682197844,-0.06464023292813469,-0.14947830617483987,0.9849246231155779,0.8508123742068568,Zero,Shapley4TGNNEvent
0.8549776566753061,1.0,0.8513696510485144,0.8649635770771975,-0.0102056726326595,-0.05509502343346725,-0.14863034895148558,0.9798994974874372,0.9081756837720423,Zero,Shapley4TGNNEvent
0.8549776566753061,1.0,0.8514218003437597,0.8949994149797351,-0.00930667127103512,-0.05619172531006923,-0.1485781996562403,0.9899497487437185,0.9364235642815202,Zero,Shapley4TGNNEvent
0.8549776566753061,1.0,0.852374032097658,0.9189802313346918,-0.008167082621673843,-0.04149755318859714,-0.14762596790234198,0.9899497487437185,0.9484627175184736,Zero,Shapley4TGNNEvent
0.8549776566753061,1.0,0.8532762096109028,0.9378643669135706,-0.007028690141499342,-0.03006725687177936,-0.14672379038909722,0.9949748743718593,0.9656816213862541,Zero,Shapley4TGNNEvent
0.8549776566753061,1.0,0.8539557013211388,0.9525741268224329,-0.00586309671944859,-0.02001557633954676,-0.14604429867886118,0.9949748743718593,0.9767860786166003,Zero,Shapley4TGNNEvent
0.8549776566753061,1.0,0.8541941713055025,0.9639354619008335,-0.005520663542401551,-0.01599387888183546,-0.1458058286944975,0.9949748743718593,0.9795016751241135,Zero,Shapley4TGNNEvent
0.8549776566753061,1.0,0.8546732663733876,0.9726532132038166,-0.005013689974407156,-0.007834623843880754,-0.14532673362661247,0.9949748743718593,0.9816410922895848,Zero,Shapley4TGNNEvent
0.8549776566753061,1.0,0.8545537786043469,0.9793088877299123,-0.004275744972778625,-0.00651719900381625,-0.1454462213956531,0.9949748743718593,0.9857653922483334,Zero,Shapley4TGNNEvent
0.8549776566753061,1.0,0.8545423021034604,0.9843707299525928,-0.003734551407583994,-0.0008485844386881919,-0.14545769789653956,0.9949748743718593,0.9870561384707327,Zero,Shapley4TGNNEvent
0.8549776566753061,1.0,0.8547366915701248,0.988209160135799,-0.0030051107382654545,0.0012233638808355858,-0.14526330842987525,0.9949748743718593,0.9909452799060208,Zero,Shapley4TGNNEvent
0.8549776566753061,1.0,0.8547456367643335,0.9911134112809119,-0.0029074749558340367,-0.0008936539367215717,-0.1452543632356665,0.9949748743718593,0.9911536162709901,Zero,Shapley4TGNNEvent
0.8549776566753061,1.0,0.8549560063036542,0.9933071490757153,-0.0023351595058438168,-0.0005938904968338396,-0.14504399369634577,0.9949748743718593,0.9938118927434828,Zero,Shapley4TGNNEvent
0.8549776566753061,1.0,0.8547769722683196,0.9949620948286828,-0.0020606422553484764,-0.0012472235976751125,-0.1452230277316804,0.9949748743718593,0.9944752764360336,Zero,Shapley4TGNNEvent
0.8549776566753061,1.0,0.8548250924421466,0.9962093826779631,-0.0018403242627654842,0.00023062504715655916,-0.1451749075578535,0.9949748743718593,0.9946598137834475,Zero,Shapley4TGNNEvent
0.8549776566753061,1.0,0.8547399217150544,0.9971487511239809,-0.0017423926660762958,-0.0015217861038955612,-0.1452600782849456,0.9949748743718593,0.9947812645881099,Zero,Shapley4TGNNEvent
0.8549776566753061,1.0,0.8548274372081885,0.9978558318550274,-0.001495439989782458,-0.00083353815965317,-0.14517256279181145,0.9949748743718593,0.9952758635069713,Zero,Shapley4TGNNEvent
0.8549776566753061,1.0,0.8548371646337998,0.9983878472514739,-0.0013111438134207798,-0.0014121881381950186,-0.14516283536620025,1.0,0.9956931521850341,Zero,Shapley4TGNNEvent
0.8549776566753061,1.0,0.854831080027299,0.9987880182280598,-0.0012652753342186386,-0.002513712225247867,-0.14516891997270098,1.0,0.9957083622352039,Zero,Shapley4TGNNEvent
0.8549776566753061,1.0,0.854831080027299,0.9990889488055994,-0.0012652753342186386,-0.002513712225247867,-0.14516891997270098,1.0,0.9957083622352039,Zero,Shapley4TGNNEvent
0.8549776566753061,1.0,0.8549791660215986,1.0,-1.2623403577049772e-05,-1.6707571307618415e-05,-0.14502083397840135,1.0,0.9999998775924845,Zero,Shapley4TGNNEvent
0.8549776566753061,1.0,0.846421334012669,0.0,-0.1718233928608535,-1.689638703312706,-0.15357866598733105,0.8944723618090452,0.00017193515946832213,Mean,Shapley4TGNNEvent
0.8549776566753061,1.0,0.846421334012669,0.0009110511944006583,-0.1718233928608535,-1.689638703312706,-0.15357866598733105,0.8944723618090452,0.00017193515946832213,Mean,Shapley4TGNNEvent
0.8549776566753061,1.0,0.846421334012669,0.001211981771940096,-0.1718233928608535,-1.689638703312706,-0.15357866598733105,0.8944723618090452,0.00017193515946832213,Mean,Shapley4TGNNEvent
0.8549776566753061,1.0,0.8458654629674989,0.0016121527485263298,-0.15813786961400328,-1.6442460687316243,-0.15413453703250118,0.8944723618090452,0.0004771941260358855,Mean,Shapley4TGNNEvent
0.8549776566753061,1.0,0.8478941621642616,0.002144168144972869,-0.15481101480036524,-1.5999377720320045,-0.15210583783573842,0.8944723618090452,0.0005087932027725593,Mean,Shapley4TGNNEvent
0.8549776566753061,1.0,0.8512456071885985,0.0028512488760193415,-0.1502415633868033,-1.5479868632465152,-0.1487543928114014,0.8994974874371859,0.0005927161956665487,Mean,Shapley4TGNNEvent
0.8549776566753061,1.0,0.8509483616143915,0.003790617322036616,-0.14617494583579163,-1.52381534058245,-0.14905163838560856,0.8994974874371859,0.0007693617137239401,Mean,Shapley4TGNNEvent
0.8549776566753061,1.0,0.8472047540448119,0.00503790517131708,-0.1466820176746977,-1.5156009880142596,-0.15279524595518806,0.9045226130653267,0.0007597583059373214,Mean,Shapley4TGNNEvent
0.8549776566753061,1.0,0.8395069265298208,0.006692850924284842,-0.14663054917625445,-1.5634281585863488,-0.16049307347017916,0.9095477386934674,0.000933310896135893,Mean,Shapley4TGNNEvent
0.8549776566753061,1.0,0.831966228904811,0.008886588719087927,-0.14271853015238617,-1.5990104416207453,-0.16803377109518902,0.9095477386934674,0.0013218037939688382,Mean,Shapley4TGNNEvent
0.8549776566753061,1.0,0.8239967548405406,0.011790839864200927,-0.1407640407507743,-1.6418921191189157,-0.17600324515945948,0.9045226130653267,0.0016776189135226853,Mean,Shapley4TGNNEvent
0.8549776566753061,1.0,0.8103011479535743,0.015629270047407048,-0.1456503457759493,-1.7119017213433232,-0.18969885204642561,0.9045226130653267,0.0012383929728440744,Mean,Shapley4TGNNEvent
0.8549776566753061,1.0,0.799557277895323,0.020691112270087846,-0.14139060938178594,-1.754354512421929,-0.200442722104677,0.8894472361809045,0.0016017817533609225,Mean,Shapley4TGNNEvent
0.8549776566753061,1.0,0.7934508855786905,0.027346786796182854,-0.13711872142762993,-1.7619370816640518,-0.20654911442130955,0.9045226130653267,0.0029556326282450425,Mean,Shapley4TGNNEvent
0.8549776566753061,1.0,0.7901689878585351,0.036064538099166314,-0.1361282450806855,-1.7577517399910707,-0.20983101214146493,0.8944723618090452,0.0027549305251516132,Mean,Shapley4TGNNEvent
0.8549776566753061,1.0,0.7901251091055534,0.04742587317756673,-0.13247352825412198,-1.7262794725858985,-0.20987489089444655,0.8994974874371859,0.0038268259643538262,Mean,Shapley4TGNNEvent
0.8549776566753061,1.0,0.7895175012053183,0.06213563308642967,-0.12947130783568675,-1.7037965218026434,-0.21048249879468175,0.9095477386934674,0.003555811320427566,Mean,Shapley4TGNNEvent
0.8549776566753061,1.0,0.7912308693577971,0.08101976866530786,-0.1267713735713132,-1.6701784401982274,-0.20876913064220293,0.914572864321608,0.003362447598606382,Mean,Shapley4TGNNEvent
0.8549776566753061,1.0,0.7920675149337206,0.10500058502026488,-0.12151793725601392,-1.629091006727075,-0.2079324850662794,0.9095477386934674,0.004756349574410333,Mean,Shapley4TGNNEvent
0.8549776566753061,1.0,0.7942775101096711,0.13503642292280227,-0.115014672672479,-1.5819059626840466,-0.2057224898903289,0.9045226130653267,0.005300771787845525,Mean,Shapley4TGNNEvent
0.8549776566753061,1.0,0.7991598269401409,0.17201283293576125,-0.10892713236524232,-1.5091999713799462,-0.20084017305985916,0.9095477386934674,0.005654895428347749,Mean,Shapley4TGNNEvent
0.8549776566753061,1.0,0.8090608781858829,0.21657909576817586,-0.09703854581893388,-1.4024648245555074,-0.19093912181411707,0.9346733668341709,0.012243837278198078,Mean,Shapley4TGNNEvent
0.8549776566753061,1.0,0.8185140419676525,0.2689414213699951,-0.08404132443007513,-1.2868888394616955,-0.18148595803234746,0.9396984924623115,0.05298502468424266,Mean,Shapley4TGNNEvent
0.8549776566753061,1.0,0.8237478458533185,0.32865254651726966,-0.07477430605221932,-1.1774448244715456,-0.17625215414668147,0.9447236180904522,0.07400363704248031,Mean,Shapley4TGNNEvent
0.8549776566753061,1.0,0.8310796907499208,0.39446751277941416,-0.06301818018657478,-1.0269523213556664,-0.1689203092500792,0.9547738693467337,0.15802380640868188,Mean,Shapley4TGNNEvent
0.8549776566753061,1.0,0.8380760482919576,0.46434632916602847,-0.053579945360595856,-0.8859421010292954,-0.16192395170804244,0.9597989949748744,0.25924167075345417,Mean,Shapley4TGNNEvent
0.8549776566753061,1.0,0.841113362648529,0.5356536708339715,-0.045086348176601544,-0.7698017513033134,-0.158886637351471,0.964824120603015,0.3538912620679923,Mean,Shapley4TGNNEvent
0.8549776566753061,1.0,0.8428748024805407,0.6055324872205855,-0.039189491215063696,-0.6527919415852532,-0.15712519751945933,0.9748743718592965,0.3956262858413309,Mean,Shapley4TGNNEvent
0.8549776566753061,1.0,0.8470914084370711,0.6713474534827295,-0.032506672244275635,-0.531518500803703,-0.15290859156292885,0.9798994974874372,0.4618599624761413,Mean,Shapley4TGNNEvent
0.8549776566753061,1.0,0.8502549341500704,0.7310585786300048,-0.02686014316564229,-0.4350267241348573,-0.1497450658499296,0.9849246231155779,0.5948970597770838,Mean,Shapley4TGNNEvent
0.8549776566753061,1.0,0.851174623822447,0.7834209042318238,-0.022674378494371723,-0.33699083174742644,-0.14882537617755295,0.9849246231155779,0.636031157497871,Mean,Shapley4TGNNEvent
0.8549776566753061,1.0,0.8525999994134185,0.8279871670642384,-0.018774173386282657,-0.2686566900667833,-0.1474000005865816,0.9798994974874372,0.7310515285509612,Mean,Shapley4TGNNEvent
0.8549776566753061,1.0,0.8527233389454272,0.8649635770771975,-0.016472542911168918,-0.2130560684743239,-0.14727666105457288,0.9849246231155779,0.7607982298548949,Mean,Shapley4TGNNEvent
0.8549776566753061,1.0,0.8532381697403426,0.8949994149797351,-0.014725277696422597,-0.16781897101570015,-0.1467618302596574,0.9798994974874372,0.8022772037985447,Mean,Shapley4TGNNEvent
0.8549776566753061,1.0,0.8533640611242859,0.9189802313346918,-0.012242942238834934,-0.12746542044470657,-0.14663593887571413,0.9798994974874372,0.8452854358843322,Mean,Shapley4TGNNEvent
0.8549776566753061,1.0,0.8542895884856806,0.9378643669135706,-0.010037277254215137,-0.09119805929499056,-0.14571041151431938,0.9798994974874372,0.9192127097802676,Mean,Shapley4TGNNEvent
0.8549776566753061,1.0,0.8548790874642942,0.9525741268224329,-0.008927869835129035,-0.054323845323006714,-0.14512091253570575,0.9899497487437185,0.9240532029607267,Mean,Shapley4TGNNEvent
0.8549776566753061,1.0,0.854927466573877,0.9639354619008335,-0.007671318878068697,-0.0392310596890186,-0.14507253342612306,0.9899497487437185,0.9482662746342704,Mean,Shapley4TGNNEvent
0.8549776566753061,1.0,0.8553966254594937,0.9726532132038166,-0.006918172576656593,-0.025748863179779532,-0.14460337454050629,0.9899497487437185,0.9540005394742427,Mean,Shapley4TGNNEvent
0.8549776566753061,1.0,0.8556037661970486,0.9793088877299123,-0.005328294975523972,-0.01983077906483981,-0.14439623380295147,0.9949748743718593,0.9659922177166393,Mean,Shapley4TGNNEvent
0.8549776566753061,1.0,0.8556628049674195,0.9843707299525928,-0.00443260159680442,-0.012519409159320084,-0.1443371950325804,0.9949748743718593,0.9725271760937406,Mean,Shapley4TGNNEvent
0.8549776566753061,1.0,0.8555160646921202,0.988209160135799,-0.0035334221138876285,-0.0066720559893541,-0.14448393530787984,1.0,0.9837227574018921,Mean,Shapley4TGNNEvent
0.8549776566753061,1.0,0.8552229517658976,0.9911134112809119,-0.0032190988261496002,-0.006166747878843816,-0.14477704823410242,1.0,0.9848212802930367,Mean,Shapley4TGNNEvent
0.8549776566753061,1.0,0.8556758693920158,0.9933071490757153,-0.002277344479295776,-0.0019438249906103815,-0.14432413060798419,1.0,0.996144541372994,Mean,Shapley4TGNNEvent
0.8549776566753061,1.0,0.855400491777302,0.9949620948286828,-0.0019683030822393883,-0.003022036173535352,-0.14459950822269796,1.0,0.9965790776185594,Mean,Shapley4TGNNEvent
0.8549776566753061,1.0,0.8554393340080003,0.9962093826779631,-0.0018346904678710142,-0.0012446550568144526,-0.1445606659919997,1.0,0.9967523098860134,Mean,Shapley4TGNNEvent
0.8549776566753061,1.0,0.8553624581451991,0.9971487511239809,-0.0016724264586166521,-0.0018397613086892134,-0.14463754185480088,1.0,0.9969665966448537,Mean,Shapley4TGNNEvent
0.8549776566753061,1.0,0.8553939056606149,0.9978558318550274,-0.0013597748621399677,-0.0007244550702559888,-0.1446060943393851,1.0,0.9976967834181664,Mean,Shapley4TGNNEvent
0.8549776566753061,1.0,0.855246580650459,0.9983878472514739,-0.0011198817420020775,-0.0004349690885400053,-0.14475341934954103,1.0,0.9982125699033731,Mean,Shapley4TGNNEvent
0.8549776566753061,1.0,0.8551857052838907,0.9987880182280598,-0.001085132978220082,-0.0008328278460095276,-0.1448142947161093,1.0,0.9982842325548219,Mean,Shapley4TGNNEvent
0.8549776566753061,1.0,0.8551857052838907,0.9990889488055994,-0.001085132978220082,-0.0008328278460095276,-0.1448142947161093,1.0,0.9982842325548219,Mean,Shapley4TGNNEvent
0.8549776566753061,1.0,0.8549791660215986,1.0,-1.2623403577049772e-05,-1.6707571307618415e-05,-0.14502083397840135,1.0,0.9999998775924845,Mean,Shapley4TGNNEvent
